{
    "times": [
        5.7900000000000005e-06,
        6.9400000000000005e-06,
        8.1e-06,
        9.26e-06,
        1.065e-05,
        1.227e-05,
        1.4e-05,
        1.609e-05,
        1.852e-05,
        2.13e-05,
        2.442e-05,
        2.801e-05,
        3.229e-05,
        3.704e-05,
        4.2590000000000004e-05,
        4.884e-05,
        5.613e-05,
        6.447e-05,
        7.407e-05,
        8.507000000000001e-05,
        9.769e-05,
        0.00011227,
        0.00012894,
        0.00014815,
        0.00017014000000000002,
        0.0001956,
        0.00022454,
        0.0002581,
        0.0002963,
        0.00034028000000000004,
        0.0003912,
        0.00044907000000000004,
        0.0005162,
        0.0005925899999999999,
        0.0006805600000000001,
        0.0007824100000000001,
        0.00089815,
        0.00103125,
        0.00118519,
        0.00136111,
        0.0015636600000000001,
        0.0017963,
        0.00206366,
        0.00237037,
        0.00272222,
        0.00312731,
        0.00359259,
        0.0041273099999999995,
        0.00474074,
        0.0054456,
        0.006255790000000001,
        0.00718519,
        0.00825463
    ],
    "currents": [
        -3.717211212198048e-05,
        0.42170173868514577,
        0.47777947939947546,
        0.4030849337883024,
        0.3772846265392363,
        0.6962589315198281,
        0.6175610549841839,
        0.5517848682226945,
        0.7474575378916565,
        0.7923436595182605,
        0.6750458241405891,
        0.629176218347841,
        0.8624294691099827,
        0.7375341587262092,
        0.6855722154955002,
        0.9139870113088718,
        0.8552866461514913,
        0.750838713382564,
        0.7270795545367086,
        0.951943278567704,
        0.8188498738938803,
        0.7575388488210165,
        0.9797488406372776,
        0.8825968767797228,
        0.779761762327051,
        1.0,
        0.9434963221042268,
        0.8281845983029514,
        0.7845571449765739,
        0.0,
        0.0
    ],
    "current_times": [
        -0.007082175880600002,
        -0.006846064771000002,
        -0.006813657363800001,
        -0.006373842551800001,
        -0.006197916627000002,
        -0.005981481443200001,
        -0.005664351815600002,
        -0.005363425891600002,
        -0.005192129596400001,
        -0.005148148115200002,
        -0.004719907377200003,
        -0.004528935156200002,
        -0.0043148147872000015,
        -0.0038946759010000023,
        -0.0036956018282000014,
        -0.0034814814592000025,
        -0.003303240719600002,
        -0.002951388870000002,
        -0.0028622685002000006,
        -0.0026493055386000025,
        -0.002241898133800005,
        -0.0020289351722,
        -0.0018159722106000017,
        -0.0015335648050000018,
        -0.0011956018442000026,
        -0.000982638882600001,
        -0.0008252314762000022,
        -0.0004722222192000032,
        -0.0003541666643999998,
        0.0,
        0.00011921296219999725
    ]
}